{"cameraMode":{"drawMode":0,"name":"Shaded","section":"Shading Mode"},"sceneLighting":false,"audioPlay":false,"sceneViewState":{"m_AlwaysRefresh":false,"showFog":true,"showSkybox":false,"showFlares":true,"showImageEffects":true,"showParticleSystems":true,"showVisualEffectGraphs":true,"m_FxEnabled":true},"in2DMode":false,"pivot":{"x":-0.20999997854232789,"y":1.399999976158142,"z":1.9500000476837159},"rotation":{"x":-0.11083205044269562,"y":0.4479009509086609,"z":-0.056034740060567859,"w":-0.8854554891586304},"size":0.35355374217033389,"orthographic":false}